KEY,en,notes,sp,fr,de,it,pt-br,ja
CURRENT_LANGUAGE_NAME,English,"put ""espanol"" in the spanish column, ""francois"" in the french one, etc. Limited text box space so abbreviate if necessary",Español,Français,Deutsch,Italiano,Português (Brasil),日本語
CURRENT_LANGUAGE_SHIPPABLE,yes,"put ""yes"" if the language is shippable and ""no"" if its not ready yet. this is not displayed, just used to determine if the language should show in the UI selector",yes,yes,yes,yes,yes,yes
,,,,,,,,
SONG_UNLOCK_CREDITS_1,"""Get in the Cage"" is now in the radio playlist!",,¡Se ha añadido «Get in the Cage» a la lista de la radio!,«&nbsp;L'entrée en cage&nbsp;» est dispo dans la liste de lecture radio&nbsp;!,„Get in the Cage“ kann jetzt im Radio laufen!,"""Get in the Cage"" è ora nella playlist della radio!","""Get in the Cage"" foi adicionada à lista de reprodução de rádio!",「Get in the Cage」が​ラジオの​プレイリストに​追加されたにゃ![b][/b]
SONG_UNLOCK_CREDITS_2,"""Future Meets the Past"" is now in the radio playlist!",,¡Se ha añadido «Future Meets the Past» a la lista de la radio!,«&nbsp;Le futur face au passé&nbsp;» est dispo dans la liste de lecture radio&nbsp;!,„Future Meets the Past“ kann jetzt im Radio laufen!,"""Future Meets the Past"" è ora nella playlist della radio!","""Future Meets the Past"" foi adicionada à lista de reprodução de rádio!",「Future Meets the Past」が​ラジオの​プレイリストに​追加されたにゃ![b][/b]
,,,,,,,,
,,,,,,,,
CONTROL_BINDING_UNKNOWN,Unknown,,Desconocido,Inconnu,Unbekannt,Sconosciuto,Desconhecido,不明
CONTROL_BINDING_ANY,Any Button,,Cualquier botón,N'importe quelle touche,Beliebige Taste,Qualsiasi pulsante,Qualquer botão,任意の​ボタン
CONTROL_BINDING_LEFTCLICK,Left Click,,Clic izquierdo,Clic gauche,Linksklick,Clic sinistro,Botão esquerdo do mouse,左クリック
CONTROL_BINDING_RIGHTCLICK,Right Click,,Clic derecho,Clic droit,Rechtsklick,Clic destro,Botão direito do mouse,右クリック
CONTROL_BINDING_MIDDLECLICK,Middle Click,,Clic central,Clic molette,Mittlere Maustaste,Clic centrale,Botão do meio do mouse,中クリック
CONTROL_BINDING_MOUSE4,Mouse 4,,Ratón 4,Clic&nbsp;4,Maus 4,Mouse 4,Mouse 4,マウス4
CONTROL_BINDING_MOUSE5,Mouse 5,,Ratón 5,Clic&nbsp;5,Maus 5,Mouse 5,Mouse 5,マウス5
CONTROL_BINDING_MOUSEX,Mouse,,Ratón,Souris,Maus,Mouse,Mouse,マウス
CONTROL_BINDING_MOUSEY,Mouse,,Ratón,Souris,Maus,Mouse,Mouse,マウス
CONTROL_BINDING_MOUSEWHEELX,Mouse Wheel,,Rueda del ratón,Molette,Mausrad,Rotellina del mouse,Roda do mouse,マウスホイール
CONTROL_BINDING_MOUSEWHEELY,Mouse Wheel,,Rueda del ratón,Molette,Mausrad,Rotellina del mouse,Roda do mouse,マウスホイール
CONTROL_BINDING_NONE,,purposely empty,,,,,,
,,,,,,,,
ENEMY_FATWOMAN_DESC,"Melee attacker with Knockback.
Reflects projectiles. Units that contact it get knocked back.
Trample.",,Atacante cuerpo a cuerpo con retroceso.Devuelve los proyectiles. Las unidades que entran en contacto retroceden.Pisotón.,Attaque au corps-à-corps avec Recul.Renvoie les projectiles. Les unités qui le touchent sont repoussées.Piétinement.,"Nahkämpferin mit Rückstoß.Reflektiert Geschosse. Einheiten, die sie berühren, werden zurückgestoßen.Trampel.",Attaccante corpo a corpo con Contraccolpo.Riflette i proiettili. Le unità che la colpiscono vengono respinte indietro.Calpestamento.,Agressor corpo-a-corpo com empurrãoReflete projéteis. Unidades que atacam ou entram em contato são empurradas.Atropelamento.,ノックバック​付きの​近接攻撃。​飛び道具を​反射する。​接触した​ユニットを​ノックバックさせる。​踏みつけ。[b][/b]
EABILITY_BIRTH_NAME,Birth,,Nacimiento,Naissance,Gebären,Nascita,Nascimento,誕生
,,,,,,,,
SPECIAL_STRAY_BUNNY,Bunny,,Conejito,Lapin,Hase,Coniglietto,Coelho,バニー
SPECIAL_STRAY_BEAVER,Beaver,,Castor,Castor,Biber,Castoro,Castor,ビーバー
SPECIAL_STRAY_PIG,Pig,,Cerdo,Cochon,Schwein,Maiale,Porco,ピッグ
SPECIAL_STRAY_DOG,Dog,,Perro,Chien,Hund,Cane,Cachorro,ドッグ
SPECIAL_STRAY_SKUNK,Skunk,,Mofeta,Mouffette,Stinktier,Puzzola,Gambá,スカンク
SPECIAL_STRAY_PORCUPINE,Porcupine,,Puercoespín,Porc-épic,Stacheltier,Porcospino,Porco-Espinho,ポーキュパイン
SPECIAL_STRAY_ISAAC,Isaac,,Isaac,Isaac,Isaac,Isaac,Isaac,アイザック
SPECIAL_STRAY_EDMUND,Edmund,,Edmund,Edmund,Edmund,Edmund,Edmund,エドマンド
SPECIAL_STRAY_TYLER,Tyler,,Tyler,Tyler,Tyler,Tyler,Tyler,タイラー
SPECIAL_STRAY_FIJIMERMAID,Fiji Mermaid,,Sirena de Fiyi,Sirène des Fidji,Fidschi-Meerjungfrau,Sirena delle Fiji,Sereia de Fiji,フィジー人魚
SPECIAL_STRAY_JERSEYDEVIL,Jersey Devil,,Demonio de Jersey,Diable du Jersey,Jersey Devil,Diavolo del Jersey,Demônio de Jersey,ジャージー・​デビル
SPECIAL_STRAY_SONICHU,Sonichu,,Sonichu,Sonichu,Sonichu,Sonichu,Sonichu,ソニチュウ
SPECIAL_STRAY_BIGFOOT,Bigfoot,,Bigfoot,Bigfoot,Bigfoot,Bigfoot,Pé-Grande,ビッグフット
SPECIAL_STRAY_NESSIE,Nessie,,Nessie,Nessie,Nessie,Nessie,Nessie,ネッシー
SPECIAL_STRAY_GREY,Grey,,Grey,Gris,Grauer,Grigio,Cinza,グレイ
SPECIAL_STRAY_MOTHMAN,Mothman,,Mothman,Homme-papillon,Mothman,Uomo Falena,Homem-Mariposa,モスマン
SPECIAL_STRAY_SLENDERMAN,Slenderman,,Slenderman,Slenderman,Slenderman,Slenderman,Slenderman,スレンダーマン
,,,,,,,,
PAUSE_MENU_HEADER,Paused,,Pausa,Pause,Pause,In pausa,Pausado,ポーズ
PAUSE_MENU_BUTTON_RESUME,Resume,,Reanudar,Reprendre,Weiter,Riprendi,Continuar,再開
PAUSE_MENU_BUTTON_SETTINGS,Settings,,Ajustes,Réglages,Einstellungen,Impostazioni,Configurações,設定
PAUSE_MENU_BUTTON_QUITTOMENU,Save and Quit to Menu,,Guardar y salir al menú,Sauvegarder et retourner au menu,Speichern und zurück zum Menü,Salva ed esci al menu,Salvar e sair para o menu,セーブして​メニューに​戻る
PAUSE_MENU_BUTTON_QUITTODESKTOP,Save and Quit to Desktop,,Guardar y salir al escritorio,Sauvegarder et quitter le jeu,Speichern und beenden,Salva ed esci al desktop,Salvar e sair para a área de trabalho,セーブして​デスクトップに​戻る[b][/b]
PAUSE_MENU_BUTTON_ABANDONRUN,Abandon Adventure,,Abandonar aventura,Abandonner l'aventure,Abenteuer abbrechen,Abbandona avventura,Abandonar aventura,冒険を​放棄
PAUSE_MENU_BUTTON_ABANDONFIGHT,Concede Fight,,Rendirse,Déclarer forfait,Kampf aufgeben,Rinuncia al combattimento,Desistir da luta,戦闘を​降参
PAUSE_MENU_BUTTON_SKIPTUTORIAL,Skip Tutorial,,Omitir tutorial,Passer le didacticiel,Tutorial überspringen,Salta il tutorial,Pular tutorial,チュートリアルを​スキップ
PAUSE_MENU_BUTTON_BACK,Back,,Atrás,Retour,Zurück,Indietro,Voltar,戻る
PAUSE_MENU_BUTTON_GAMESETTINGS,Game Settings,,Ajustes de juego,Réglages du jeu,Gameplay,Impostazioni di gioco,Jogabilidade,ゲーム設定
PAUSE_MENU_BUTTON_VIDEOSETTINGS,Video Settings,,Ajustes de vídeo,Réglages vidéo,Video,Impostazioni video,Vídeo,ビデオ設定
PAUSE_MENU_BUTTON_AUDIOSETTINGS,Audio Settings,,Ajustes de sonido,Réglages audio,Audio,Impostazioni audio,Áudio,オーディオ設定
PAUSE_MENU_BUTTON_CONTROLS,Controls,,Controles,Commandes,Steuerung,Controlli,Controles,操作設定
SETTINGS_MENU_HEADER,Settings,,Ajustes,Réglages,Einstellungen,Impostazioni,Configurações,設定
SETTINGS_GAME_HEADER,Game Settings,,Ajustes de juego,Réglages du jeu,Gameplay,Impostazioni di gioco,Jogabilidade,ゲーム設定
SETTINGS_LANGUAGE_LABEL,Language,,Idioma,Langue,Sprache,Lingua,Idioma,言語
SETTINGS_HUMPING_LABEL,Humping Animations,,Animaciones de ñiqui ñiqui,Animations de coït,Paarungsanimation,Animazioni di accoppiamento,Animações impróprias,交尾アニメーション
SETTINGS_HUMPING_OPT_NORMAL,Normal,,Normales,Normales,Normal,Normali,Normal,通常
SETTINGS_HUMPING_OPT_SAFE,Safe,,Seguras,Tout public,Kinderfreundlich,Sicure,Seguro,セーフ
SETTINGS_HUMPING_OPT_RANDOM,Random,,Al azar,Aléatoires,Zufall,Casuali,Aleatório,ランダム
SETTINGS_AUTOSELECT_LABEL,Autoselect Basic Actions,,Autoseleccionar acciones básicas,Autosélection des actions de base,Grundaktionen automatisch auswählen,Selezione automatica azioni di base,Selecionar ações básicas automaticamente,基本アクション自動選択
SETTINGS_DOUBLECLICK_LABEL,Targeting Empty Tiles Requires Double Click,,Es necesario hacer doble clic para marcar casillas vacías,Double-clic pour cibler une case vide,Anvisieren leerer Felder erfordert Doppelklick,Per selezionare caselle vuote è necessario un doppio clic,Mirar em espaços vazios requer clique duplo,空タイルの​選択に​ダブルクリックが​必要[b][/b]
SETTINGS_DOUBLECLICK_LABEL_GAMEPAD,Targeting Empty Tiles Requires Double Press,,Es necesario presionar dos veces para marcar casillas vacías,Double appui pour cibler une case vide,Anvisieren leerer Felder erfordert doppelten Tastendruck,Per selezionare caselle vuote è necessario una doppia pressione,Mirar em espaços vazios requer pressionar duas vezes,空タイルの​選択に​ダブル押しが​必要[b][/b]
SETTINGS_MAXSTATUSES_LABEL,Max Statuses Shown Before Collapse,,Máximo de estados mostrados antes de ocultarlos,Statuts max. affichés avant réduction,Max. Anzahl Statuseffekte vor Verkleinerung,Numero massimo di stati visualizzati prima della chiusura,Mostrar atributos máximos antes de colapsar,折りたたみ前の​最大ステータス表示数[b][/b]
SETTINGS_MAXSTATUSES_OPT_0,Hover Only,,Solo pasar el cursor,Survol uniquement,Nur bei Hover,Solo al passaggio del cursore,Apenas passar,ホバーのみ
SETTINGS_COLLAPSEELITEBUFFS_LABEL,Collapse Multiple Elite Buffs,,Ocultar varias ventajas de élite,Réduire les bonus d'élite des boss,Mehrere Elitestärkungen zusammenfassen,Chiudi bonus élite multipli,Colapsar múltiplos reforços de elite,複数エリートバフを​折りたたむ
SETTINGS_COMBATSPEED_LABEL,Combat Speed,,Velocidad de combate,Vitesse de combat,Kampfgeschwindigkeit,Velocità di combattimento,Velocidade do combate,戦闘速度
SETTINGS_TOOLTIPSIZE_LABEL,Tooltip Size,,Tamaño de información,Taille des infobulles,Größe von Tooltipps,Dimensione suggerimenti,Tamanho das dicas,ツールチップサイズ
SETTINGS_STATUSBARSIZE_LABEL,Status Bar Size,,Tamaño de barra de estado,Taille de la barre de statut,Größe der Statusleiste,Dimensione barra di stato,Tamanho da barra de estado,ステータスバーサイズ
SETTINGS_SAVEFILEBACKUP_LABEL,Save File Backup Period,,Intervalo de guardado de archivos,Fréquence des sauvegardes auto.,Backupfrequenz von Speicherständen,Frequenza backup dei salvataggi,Frequência de backup de salvamentos,セーブデータの​バックアップ間隔[b][/b]
SETTINGS_SAVEFILEBACKUP_OPT_15,15 min,,15 min,15&nbsp;min,15 Min.,15 min,15min,15分
SETTINGS_SAVEFILEBACKUP_OPT_30,30 min,,30 min,30&nbsp;min,30 Min.,30 min,30min,30分
SETTINGS_SAVEFILEBACKUP_OPT_60,1 hr,,1 h,1&nbsp;h,1 Std.,1 ora,1h,1時間
SETTINGS_SAVEFILEBACKUP_OPT_120,2 hr,,2 h,2&nbsp;h,2 Std.,2 ore,2h,2時間
SETTINGS_SAVEFILEBACKUP_OPT_0,Never,,Nunca,Jamais,Nie,Mai,Nunca,なし
SETTINGS_VIDEO_HEADER,Video Settings,,Ajustes de vídeo,Réglages vidéo,Video,Impostazioni video,Vídeo,ビデオ設定
SETTINGS_FULLSCREEN_LABEL,Fullscreen,,Pantalla completa,Plein écran,Vollbild,Schermo intero,Tela cheia,フルスクリーン
SETTINGS_ANTIALIAS_LABEL,Antialias (MSAA),,Antialiasing (MSAA),Anticrénelage (MSAA),Antialiasing (MSAA),Antialias (MSAA),Antialiasing (MSAA),アンチエイリアス (MSAA)
SETTINGS_ANTIALIAS_OPT_0,Off,,No,Désactivé,Aus,Disattivato,Não,オフ
SETTINGS_VSYNC_LABEL,VSync,,Sincronización vertical,Synchronisation verticale,VSync,V-Sync,VSync,VSync
SETTINGS_RENDERSCALE_LABEL,Render Scale,,Escala de renderizado,Échelle de rendu,Render-Skalierung,Scala di rendering,Escala de renderização,レンダースケール
SETTINGS_VIGNETTE_LABEL,Vignette Flicker,,Parpadeo de viñeta,Effet de vignette clignotant,Vignette-Flimmern,Sfarfallio della vignettatura,Tremor de vinheta,ビネットフリッカー
SETTINGS_VIGNETTE_OPT_NORMAL,Normal,,Normal,Normal,Normal,Normale,Normal,通常
SETTINGS_VIGNETTE_OPT_LOW,Low,,Bajo,Faible,Niedrig,Basso,Baixo,低
SETTINGS_VIGNETTE_OPT_NONE,None,,Nada,Aucun,Aus,Nessuno,Nenhum,なし
SETTINGS_NOISEGRAIN_LABEL,Noise & Grain,,Ruido y granulado,Effets de bruit et de grain,Rauschen & Körnung,Rumore e grana,Interferência e granulação,ノイズ＆グレイン
SETTINGS_NOISEGRAIN_OPT_NORMAL,Normal,,Normal,Normal,Normal,Normale,Normal,通常
SETTINGS_NOISEGRAIN_OPT_MEDIUM,No Hair,,Sin pelo,Pas de cheveux,Keine Haare,Niente peli,Sem pelos,毛なし
SETTINGS_NOISEGRAIN_OPT_LOW,No Dust,,Sin polvo,Pas de poussière,Keine Staubkörner,Niente polvere,Sem poeira,ほこりなし
SETTINGS_NOISEGRAIN_OPT_NONE,None,,Nada,Aucun,Aus,Nessuno,Nenhum,なし
SETTINGS_CURSORMODE_LABEL,Cursor Mode,,Modo de cursor,Mode curseur,Mauszeigermodus,Modalità cursore,Modo de cursor,カーソルモード
SETTINGS_CURSORMODE_OPT_INGAME,In Game,,Juego,En jeu,Spiel,Di gioco,Jogo,ゲーム内
SETTINGS_CURSORMODE_OPT_DEVICE,Device,,Dispositivo,Appareil,Gerät,Del dispositivo,Dispositivo,デバイス
SETTINGS_AUDIO_HEADER,Audio Settings,,Ajustes de sonido,Réglages audio,Audio,Impostazioni audio,Áudio,オーディオ設定
SETTINGS_MASTERVOLUME,Master Volume,,Volumen principal,Volume principal,Gesamtlautstärke,Volume principale,Volume principal,マスター音量
SETTINGS_MUSICVOLUME,Music Volume,,Volumen de música,Musique,Musik,Volume musica,Volume da música,BGM音量
SETTINGS_SFXVOLUME,SFX Volume,,Volumen de efectos,Effets sonores,Soundeffekte,Volume effetti sonori,Volume de efeitos,効果音音量
SETTINGS_MEOWVOLUME,Meow Volume,,Volumen de maullidos,Miaulements,Miauen,Volume miagolii,Volume de miados,ニャー音量
SETTINGS_HOUSEMEOWVOLUME,Meow Volume (House),,Volumen de maullidos (casa),Miaulements (maison),Miauen (im Haus),Volume miagolii (in casa),Volume de miados (casa),ニャー音量​（家）
SETTINGS_KEYCONTROLS_HEADER,Keyboard Controls,,Controles de teclado,Commandes au clavier,Tastatur,Controlli tastiera,Teclado,キーボード操作
SETTINGS_PADCONTROLS_HEADER,Gamepad Controls,,Controles de mando,Commandes à la manette,Gamepad,Controlli gamepad,Controle,ゲームパッド操作
SETTINGS_CONTROLS_GENERAL_COLUMNHEADER,General,,General,En général,Allgemein,Generale,Geral,全般
SETTINGS_CONTROLS_HOTKEYS_COLUMNHEADER,Combat Hotkeys,,Atajos de combate,En combat,Kampf,Tasti di scelta rapida combattimento,Teclas rápidas de combate,戦闘ホットキー
SETTINGS_CONTROLS_ACTIONS_COLUMNHEADER,Actions,,Acciones,Actions,Aktionen,Azioni,Ações,アクション
SETTINGS_CONTROLS_RESET,Reset Defaults,,Restaurar por defecto,Par défaut,Zurücksetzen,Ripristina predefiniti,Restaurar padrões,初期設定に​戻す
SETTINGS_CONTROLBINDING_SELECT,Select,,Seleccionar,Sélectionner,Auswählen,Seleziona,Selecionar,選択
SETTINGS_CONTROLBINDING_EXAMINE,Examine,,Examinar,Examiner,Untersuchen,Esamina,Examinar,調べる
SETTINGS_CONTROLBINDING_TACTIVALVIEW,Tactical View,,Vista táctica,Vue tactique,Taktische Ansicht,Visuale tattica,Visão tática,戦術ビュー
SETTINGS_CONTROLBINDING_CANCEL,Cancel,,Cancelar,Annuler,Abbrechen,Annulla,Cancelar,キャンセル
SETTINGS_CONTROLBINDING_PAUSE,Pause,,Pausa,Mettre en pause,Pause,Pausa,Pausar,ポーズ
SETTINGS_CONTROLBINDING_ZOOMIN,Zoom In,,Acercar,Zoomer,Hereinzoomen,Zoom avanti,Aproximar,ズームイン
SETTINGS_CONTROLBINDING_ZOOMOUT,Zoom Out,,Alejar,Dézoomer,Herauszoomen,Zoom indietro,Afastar,ズームアウト
SETTINGS_CONTROLBINDING_FLIPFURNITURE,Flip Furniture,,Girar mueble,Tourner les meubles,Möbel spiegeln,Capovolgi mobili,Virar móveis,家具を​反転
SETTINGS_CONTROLBINDING_SKIPCUTSCENE,Skip Cutscene,,Omitir escena,Passer la cinématique,Zwischensequenz überspringen,Salta filmati,Pular cena,カットシーンを​スキップ
SETTINGS_CONTROLBINDING_HOTKEYMOVE,Move,,Movimiento,Se déplacer,Bewegen,Sposta,Mover,移動
SETTINGS_CONTROLBINDING_HOTKEYWEAPON,Weapon,,Arma,Armes,Waffe,Arma,Arma,武器
SETTINGS_CONTROLBINDING_HOTKEYTRINKET,Trinket,,Baratija,Babioles,Zubehör,Ciondolo,Acessório,アクセサリー
SETTINGS_CONTROLBINDING_HOTKEYBASICATTACK,Basic Attack,,Ataque básico,Attaque de base,Grundangriff,Attacco base,Ataque básico,通常攻撃
SETTINGS_CONTROLBINDING_HOTKEYSPELL1,Spell 1,,Hechizo 1,Sort&nbsp;1,Zauber 1,Incantesimo 1,Encantamento 1,スペル1
SETTINGS_CONTROLBINDING_HOTKEYSPELL2,Spell 2,,Hechizo 2,Sort&nbsp;2,Zauber 2,Incantesimo 2,Encantamento 2,スペル2
SETTINGS_CONTROLBINDING_HOTKEYSPELL3,Spell 3,,Hechizo 3,Sort&nbsp;3,Zauber 3,Incantesimo 3,Encantamento 3,スペル3
SETTINGS_CONTROLBINDING_HOTKEYSPELL4,Spell 4,,Hechizo 4,Sort&nbsp;4,Zauber 4,Incantesimo 4,Encantamento 4,スペル4
SETTINGS_CONTROLBINDING_HOTKEYSPELL5,Spell 5,,Hechizo 5,Sort&nbsp;5,Zauber 5,Incantesimo 5,Encantamento 5,スペル5
SETTINGS_CONTROLBINDING_HOTKEYENDTURN,End Turn,,Terminar turno,Fin du tour,Zug beenden,Fine del turno,Finalizar turno,ターン終了
SETTINGS_CONTROLBINDING_CURSOR,Cursor,,Cursor,Curseur,Mauszeiger,Cursore,Cursor,カーソル
SETTINGS_CONTROLBINDING_NAVLEFT,Nav Left,,Mover izquierda,Nav. à gauche,Nach links,Naviga a sinistra,Nav. esq,左移動
SETTINGS_CONTROLBINDING_NAVRIGHT,Nav Right,,Mover derecha,Nav. à droite,Nach rechts,Naviga a destra,Nav. dir,右移動
SETTINGS_CONTROLBINDING_NAVUP,Nav Up,,Mover arriba,Nav en haut,Nach oben,Naviga su,Nav. cima,上移動
SETTINGS_CONTROLBINDING_NAVDOWN,Nav Down,,Mover abajo,Nav. en bas,Nach unten,Naviga giù,Nav. baixo,下移動
SETTINGS_CONTROLBINDING_NAVFORWARD,Nav Forward,,Adelante,Nav. en avant,Nach vorn,Naviga in avanti,Nav. frente,前進
SETTINGS_CONTROLBINDING_NAVBACKWARD,Nav Backward,,Atrás,Nav. en arrière,Zurück,Naviga indietro,Nav. trás,後退
SETTINGS_CONTROLBINDING_INVENTORY,Inventory,,Inventario,Inventaire,Inventar,Inventario,Inventário,インベントリ
SETTINGS_CONTROLBINDING_PIPE,Pipe Shortcut,,Atajo de tubería,Raccourci tuyau,Kürzel: Rohr,Scorciatoia tubo,Atalho de cano,パイプショートカット
SETTINGS_CONTROLBINDING_BOX,Box Shortcut,,Atajo de caja,Raccourci boîte,Kürzel: Box,Scorciatoia scatola,Atalho de caixa,ボックスショートカット
SETTINGS_CONTROLBINDING_CAMERA,Camera,,Cámara,Caméra,Kamera,Telecamera,Câmera,カメラ
,,,,,,,,
MAIN_MENU_PLAY,Play,,Jugar,Jouer,Spielen,Gioca,Jogar,プレイ
MAIN_MENU_SETTINGS,Settings,,Ajustes,Réglages,Einstellungen,Impostazioni,Configurações,設定
MAIN_MENU_QUIT,Quit,,Salir,Quitter,Beenden,Esci,Sair,終了
MAIN_MENU_CREDITS,Credits,,Créditos,Générique,Mitarbeitende,Riconoscimenti,Créditos,クレジット
MAIN_MENU_COMMUNITY_DISCORD,Community Discord,,Discord de la comunidad,Communauté Discord,Community Discord,Discord della community,Discord,コミュニティDiscord
MAIN_MENU_MEOW,Meow,,Maullido,Miauler,Miau,Miao,Miau,ニャー
MAIN_MENU_DELETEFILE,Terminate,,Borrar,Exterminer,Terminieren,Termina,Apagar,データ削除
MAIN_MENU_DELETECONFIRMATION,Are you sure you want to erasesave file {savefilenumber}?,,¿Seguro que quieres borrar el archivo de guardado {savefilenumber}?,Supprimer la sauvegarde {savefilenumber}&nbsp;?,Speicherstand&nbsp;{savefilenumber} wirklich löschen?,Vuoi davvero cancellareil file di salvataggio {savefilenumber}?,Tem certeza de que desejaapagar o arquivo {savefilenumber}?,セーブファイル{savefilenumber}を​本当に​削除しますかに​ゃ?[b][/b]
SAVE_FILE_COMPLETION_PERCENT,{percent}% Complete,,{percent} % completado,Progression&nbsp;: {percent}&nbsp;%,{percent}&nbsp;% Fortschritt,Completamento: {percent}%,{percent}% concluído,達成率{percent}%
,,,,,,,,
POPUP_TRY_ABANDON_RUN,"Are you sure you want to abandon this adventure? You will lose the cats, items, food, money, and furniture you found.",,"¿Seguro que quieres abandonar esta aventura? Perderás los gatos, los objetos, la comida, el dinero y los muebles que hayas encontrado.","Voulez-vous vraiment abandonner cette aventure&nbsp;? Vous perdrez vos chats, objets, nourriture, argent, meubles.","Willst du dein Abenteuer wirklich abbrechen? Du verlierst sämtliche Katzen, Gegenstände, Futter, Geld und Möbel, die du gefunden hast.","Vuoi davvero abbandonare quest'avventura? Perderai i gatti, gli oggetti, il cibo, i soldi e i mobili che hai trovato.","Tem certeza de que deseja abandonar esta aventura? Você perderá gatos, itens, comida, dinheiro e móveis que encontrou.",本当に​この​冒険を​諦めますかに​ゃ?見つけた猫、​アイテム、​食料、​お金、​家具が​全部​失われますにゃ。[b][/b]
POPUP_TRY_ABANDON_HOUSEBOSS,Are you sure you want to concede this fight? You will lose the cats participating in the fight.,,¿Seguro que quieres rendirte? Perderás los gatos que participen en la pelea.,Voulez-vous vraiment déclarer forfait&nbsp;? Vous perdrez les chats participant au combat.,"Willst du den Kampf wirklich aufgeben? Du verlierst sämtliche Katzen, die an dem Kampf teilgenommen haben.",Vuoi davvero rinunciare a questo combattimento? Perderai i gatti che partecipano al combattimento.,Tem certeza de que deseja desistir desta luta? Você perderá os gatos que estão lutando.,本当に​この​戦闘を​降参しますかに​ゃ?参加している​猫が​全て​失われますにゃ。[b][/b]
POPUP_TRY_SKIP_TUTORIAL,Are you sure you want to skip the tutorial?,,¿Seguro que quieres saltarte el tutorial?,Voulez-vous vraiment passer le didacticiel&nbsp;?,Willst du das Tutorial wirklich überspringen?,Vuoi davvero saltare il tutorial?,Tem certeza de que deseja pular o tutorial?,本当に​チュートリアルを​スキップしますかに​ゃ?[b][/b]
POPUP_TRY_SAVESCUM_BATTLE,Are you sure you want to quit mid-fight? You will have to redo the fight,,¿Seguro que quieres abandonar a mitad del combate? Tendrás que empezarlo desde el principio.,Voulez-vous vraiment quitter en plein combat&nbsp;? Vous devrez rejouer le combat depuis le début,Willst du wirklich mitten im Kampf aufhören? Der Kampf beginnt beim nächsten Mal von vorn,Vuoi davvero abbandonare il combattimento a metà? Dovrai ripetere il combattimento,Tem certeza de que deseja sair no meio da luta? Você precisará refazê-la.,本当に​戦闘中に​終了しますかに​ゃ?戦闘を​やり直すことになりますにゃ。[b][/b]
POPUP_TRY_SAVESCUM_HOUSEBOSS,Are you sure you want to quit mid-fight? You will have to redo the fight,,¿Seguro que quieres abandonar a mitad del combate? Tendrás que empezarlo desde el principio.,Voulez-vous vraiment quitter en plein combat&nbsp;? Vous devrez rejouer le combat depuis le début,Willst du wirklich mitten im Kampf aufhören? Der Kampf beginnt beim nächsten Mal von vorn,Vuoi davvero abbandonare il combattimento a metà? Dovrai ripetere il combattimento,Tem certeza de que deseja sair no meio da luta? Você precisará refazê-la.,本当に​戦闘中に​終了しますかに​ゃ?戦闘を​やり直すことになりますにゃ。[b][/b]
POPUP_TRY_SAVESCUM_EVENT,Are you sure you want to quit mid-event? You will have to redo the event,,¿Seguro que quieres abandonar a mitad del evento? Tendrás que empezarlo desde el principio.,Voulez-vous vraiment quitter au milieu d'un événement&nbsp;? Vous devrez rejouer l'événement depuis le début,Willst du wirklich mitten im Ereignis aufhören? Das Ereignis beginnt beim nächsten Mal von vorn,Vuoi davvero abbandonare l'evento a metà? Dovrai ripetere l'evento,Tem certeza de que deseja sair no meio do evento? Você precisará refazê-lo.,本当に​イベント中に​終了しますかにゃ?イベントを​やり直すことになりますにゃ。[b][/b]
POPUP_TRY_SAVESCUM_WARNING_1,", and Steven will give you a warning when you return.","these get stapled on after the ""are you sure you want to quit mid fight string""",¡Y Steven te mostrará una advertencia cuando vuelvas!,", et Steven vous donnera un avertissement à votre retour."," und Steven wird böse sein, wenn du zurückkehrst.", e Steven ti infliggerà un'ammonizione al tuo ritorno., e Steven vai chamar sua atenção quando você voltar.,、​そして​戻ると、​スティーブンから​警告を​受けますにゃ。[b][/b]
POPUP_TRY_SAVESCUM_WARNING_2,", and Steven will give you a [c:red]punishment[/c] when you return.",,¡Y Steven te [c:red]castigará[/c] cuando vuelvas!,", et Steven vous [c:red]punira[/c] à votre retour."," und Steven wird dich [c:red]bestrafen[/c], wenn du zurückkehrst.", e Steven ti infliggerà una [c:red]punizione[/c] al tuo ritorno., e Steven vai te dar uma [c:red]punição[/c] quando você voltar.,、​そして​戻ると、​スティーブンから[c:red]罰[/c]を​受けますにゃ。
POPUP_TRY_SAVESCUM_COUNT,(You have save scummed 1 time already on this adventure),,(Ya has hecho trampas 1 vez en esta aventura).,(Vous avez déjà bidouillé votre sauvegarde 1&nbsp;fois durant cette aventure.),(Du hast während dieses Abenteuers bereits einmal betrogen),(Hai già effettuato salvataggi a ripetizione una volta in quest'avventura),(Você já recarregou 1 vez nesta aventura),(この​冒険で​既に​1回セーブロードを​していますに​ゃ)[b][/b]
POPUP_TRY_SAVESCUM_COUNT_PLURAL,(You have save scummed {count} times already on this adventure),,(Ya has hecho trampas {count} veces en esta aventura).,(Vous avez déjà bidouillé votre sauvegarde {count} fois durant cette aventure.),(Du hast während dieses Abenteuers bereits {count}-mal betrogen),(Hai già effettuato salvataggi a ripetizione {count} volte in quest'avventura),(Você já recarregou {count} vezes nesta aventura),(この​冒険で​既に{count}回セーブロードを​していますに​ゃ)[b][/b]
,,,,,,,,
ABILITY_EXPLOSIVESHOT_NAME,Explosive Shot,,Tiro explosivo,Tir explosif,Explosivschuss,Colpo Esplosivo,Disparo Explosivo,爆発ショット
ABILITY_EXPLOSIVESHOT_DESC,Lob a puke projectile that does splash damage to neighboring units.,,Lanza un proyectil de vómito que inflige daño por metralla a las unidades cercanas.,Lance un projectile de vomi qui inflige des dégâts de zone aux unités adjacentes.,"Ein Kotzgeschoss, das Hindernisse ignoriert und bei benachbarten Einheiten Flächenschaden verursacht.",Spari un proiettile di vomito che infligge danno ad area alle unità vicine.,Lance um projétil de vômito em arco que causa dano de propagação em unidades vizinhas.,吐瀉物の​飛び道具を​放ち、​周囲の​ユニットに​スプラッシュダメージを​与えるにゃ。[b][/b]
EABILITY_DOUBLEHIT_NAME,Double Hit,,Doble golpe,Coup double,Doppelschlag,Colpo Doppio,Golpe Duplo,ダブルヒット
EABILITY_DOUBLEHIT_DESC,A melee attack that hits twice.,,Un ataque cuerpo a cuerpo que golpea 2 veces.,Une attaque au corps-à-corps qui touche deux fois.,"Ein Nahkampfangriff, der zweimal trifft.",Un attacco corpo a corpo che colpisce due volte.,Um ataque corpo-a-corpo que golpeia duas vezes.,2回当てる近接攻撃。
EABILITY_FLESHLAD_UPPERCUT_NAME,Uppercut,,Gancho,Uppercut,Kinnhaken,Montante,Upper,アッパーカット
EABILITY_FLESHLAD_UPPERCUT_DESC,"Punch a unit, knocking it back 3 tiles and inflicting Bruise.
[s:.7](Castable once per turn.)[/s]",,Le da un puñetazo a una unidad que la hace retroceder 3 casillas y le inflige moratón.[s:.7](Se puede lanzar una vez por turno).[/s],Un coup de poing qui repousse une unité de 3&nbsp;cases et lui inflige Contusion. [s:.7](Une fois par tour.)[/s],"Schlag eine Einheit, stoße sie 3&nbsp;Felder zurück und verursache Beulen bei ihr.[s:.7](Einmal pro Zug verwendbar.)[/s]","Colpisci un'unità, respingendola indietro di 3 caselle e infliggendole Livido.[s:.7](Lanciabile una volta per turno.)[/s]","Soque uma unidade, empurrando-a 3 espaços para trás e aplicando contusão.[s:.7](Um lançamento por turno.)[/s]",ユニットを​パンチして​3タイル後ろに​ノックバックさせ、​ダメージ軽減を​与える。[s:.7](ターンに​1回使用可能。)[/s]
FAMILIAR_PHANTOMMASK_DESC,Invulnerable. Attack it to knock it foward in a straight line. It deals 5 damage to units it hits.,same as OBJECT_PETROCK_DESC but with the Invulnerable mention added to the beginning,Invulnerable. Se desplaza hacia delante en línea recta cuando la atacan. Inflige 5 de daño a las unidades que golpea.,Invulnérable. L'attaquer le projette en ligne droite. Inflige 5&nbsp;dégâts aux unités qu'il touche.,"Unverwundbar. Greif ihn an, um ihn in einer geraden Linie nach vorn zu schleudern. Verursacht 5&nbsp;Schaden bei Einheiten, die er trifft.",Invulnerabile. Attaccala per proiettarla in avanti in linea retta. Infligge 5 di danno alle unità che colpisce.,Invulnerável. Ataque-a para empurrá-la para frente em linha reta. Causa 5 de dano nas unidades que forem acertadas.,無敵。​攻撃すると​直線上に​前方に​吹き飛ぶ。​当たった​ユニットに​5ダメージを​与える。[b][/b]
FAMILIAR_FLY_STEEL_DESC,Invulnerable.,,Invulnerable.,Invulnérable.,Unverwundbar.,Invulnerabile.,Invulnerabilidade.,無敵。
FAMILIAR_FLESHLAD_DESC,"Gains an extra attack per turn each time it takes damage.
Gains Speed at the end of its turn.",same as ENEMY_FLESHLAD_DESC but without the first sentence about how it attacks,Obtiene un ataque extra por turno cada vez que sufre daño.Obtiene velocidad al final del turno.,Gagne une attaque supplémentaire par tour chaque fois qu'il subit des dégâts.Gagne en vitesse à la fin de son tour.,"Erhält jedes Mal, wenn er Schaden erleidet, einen zusätzlichen Angriff pro Zug.Erhält am Ende seines Zuges Geschwindigkeit.",Ottiene un attacco aggiuntivo per turno ogni volta che subisce danno.Ottiene Velocità alla fine del suo turno.,Obtém um ataque adicional por turno a cada vez que sofre dano.Obtém velocidade no final de seu turno.,ダメージを​受ける​たびに​ターンごとの​追加攻撃が​増える。​ターン終了時に​素早さを​獲得する。[b][/b]
,,,,,,,,
ITEM_THEBLACKBOX_NAME,the box,,la caja,La boîte,die box,la scatola,a caixa,その​箱
ITEM_THEBLACKBOX_DESC,Use: Find and equip a random item into one of your empty item slots.,,Uso: Encuentra y equipa un objeto al azar en uno de los espacios de objeto vacíos.,Utilisation&nbsp;: trouvez et équipez un objet aléatoire dans l'un de vos emplacements d'objet vides.,Benutzen: Finde einen zufälligen Gegenstand und rüste ihn aus.,Uso: Trova ed equipaggia un oggetto casuale in uno dei tuoi slot oggetto vuoti.,Uso: encontre e equipe um item aleatório em de seus espaços vazios de itens.,使用:​空いている​アイテムスロットの​1つに​ランダムな​アイテムを​見つけて​装備する。[b][/b]
,,,,,,,,
ITEM_UNSTABLEDNA_NAME,Unstable DNA,,ADN inestable,ADN instable,Instabile DNA,DNA Instabile,DNA Instável,不安定な​DNA
ITEM_UNSTABLEDNA_DESC,"Use: Gain 6 random stat ups and 3 random stat downs, then gain 3 Mutations at the end of combat.",,"Uso: Obtiene 6 aumentos de atributo al azar y 3 reducciones de atributo al azar. Luego, obtiene 3 mutaciones al final del combate.","Utilisation&nbsp;: vous obtenez 6&nbsp;hausses de stats aléatoires et 3&nbsp;baisses de stats aléatoires, puis 3&nbsp;mutations à la fin du combat.",Benutzen: Erhalte am Ende des Kampfes 6&nbsp;Boni und 3&nbsp;Malusse auf zufällige Attribute. Erhalte anschließend 3&nbsp;Mutationen.,"Uso: Ottieni 6 potenziamenti casuali alle statistiche e 3 riduzioni casuali alle statistiche, poi ottieni 3 Mutazioni alla fine del combattimento.","Uso: obtenha 6 atributos aleatórios aumentados e 3 atributos aleatórios diminuídos, e então obtenha 3 mutações no final do combate.",使用:ランダムな​ステータス上昇を​6つと​ランダムな​ステータス低下を​3つ​獲得し、​戦闘終了時に​ミューテーションを​3つ獲得する。[b][/b]
ITEM_REDPILL_NAME,Red Pill,,Pastilla roja,Pilule rouge,Rote Pille,Pillola Rossa,Pílula Vermelha,赤いピル
ITEM_REDPILL_DESC,"Use: 50% chance to get Chungus (+4 [img:con]), otherwise take 8 damage.",see DISORDER_CHUNGUS_NAME,"Uso: 50 % de probabilidad de sufrir chungus (+4 [img:con]); si no, sufre 8 de daño.","Utilisation&nbsp;: 50&nbsp;% de chances d'obtenir le trouble Énorme ([img:con] +4). Dans le cas contraire, vous subissez 8 dégâts.","Benutzen: 50%ige Wahrscheinlichkeit, Fettmops (+4&nbsp;[img:con]) zu erhalten. Erleide sonst 8&nbsp;Schaden.","Uso: 50% di probabilità di ottenere Tracagnotto (+4 [img:con]), altrimenti subisci 8 di danno.","Uso: 50% de chance de obter enormidade (+4 de [img:con]), ou então sofra 8 de dano.",使用:50%の​確率で​チャンガス([img:con]+4)を​獲得、​そうでなければ​8ダメージを​受ける。
DISORDER_CHUNGUS_NAME,Chungus,slang for something big and/or fat,Chungus,Énorme,Fettmops,Tracagnotto,Enormidade,チャンガス
DISORDER_CHUNGUS_DESC,,purposely empty,,,,,,
,,,,,,,,
QEVENT_MEATALTAR_REW2B,"{Catname} lies sacrificed on top of the altar. The altar is pleased. The remaining cats feel strengthened, and one of them begrudgingly pulls on {catname}'s corpse, salvaging it for useful parts.","(just the same text as the other one minus the ""its pleased but not satisfied"" for after the altar's main desire has been completed)","El cuerpo sacrificado de {Catname} yace sobre el altar, que está conforme.Los otros gatos se sienten fortalecidos. A regañadientes, uno de ellos coge el cadáver de {catname} en busca de algo que pueda aprovecharse.","{Catname} s'est fait sacrifier sur l'autel. Celui-ci est satisfait. Les chats restants se sentent plus forts, et l'un d'eux, à contrecœur, dépiaute le cadavre pour en tirer des pièces utiles.",{Catname} liegt als Opfer auf dem Altar. Der Altar ist besänftigt.Die verbleibenden Katzen fühlen sich stärker. Eine von ihnen durchsucht zögerlich die Leiche von {catname} und nimmt alles Nützliche mit.,"{Catname} giace in cima all'altare dopo il sacrificio. L'altare è compiaciuto.I gatti rimasti si sentono rinvigoriti, e uno di loro tira via il cadavere di {catname} a malincuore, recuperando le parti ancora utili.","{Catname} jaz sobre o altar após seu sacrifício. O altar foi agraciado.Os gatos restantes se sentem fortalecidos, e um deles relutantemente puxa o corpo de {catname}, recuperando-o para salvar suas partes úteis.",{Catname}が​祭壇の​上で​犠牲に​なったにゃ。​祭壇は​満足しているにゃ。​残りの​猫たちは​強くなった​感じが​したにゃ。​そして​1匹が{catname}の​死体を​引っ張って​有用な​部品を​回収したにゃ。[b][/b]
QEVENT_MEATALTAR_REW2B_M,,,,,,,,
QEVENT_MEATALTAR_REW2B_F,,,,,,,,
QEVENT_MEATALTAR_REW2B_N,,,,,,,,{Catname}が​祭壇の​上で​犠牲に​なったにゃ。​祭壇は​満足しているにゃ。​残りの​猫たちは​強くなった​感じが​したにゃ。​そして​1匹が{catname}の​死体を​引っ張って​有用な​部品を​回収したにゃ。[b][/b]
QEVENT_MEATALTAR_REW3B,{Catname} lies sacrificed on top of the altar. The altar is pleased.The remaining cats feel great though!,"(just the same text as the other one minus the ""its pleased but not satisfied"" for after the altar's main desire has been completed)","El cuerpo sacrificado de {Catname} yace sobre el altar, que está conformeEso sí, ¡los otros gatos se sienten genial!","{Catname} s'est fait sacrifier sur l'autel. Celui-ci est satisfait. À part ça, les autres chats pètent le feu&nbsp;!",{Catname} liegt als Opfer auf dem Altar. Der Altar ist besänftigt.Die verbleibenden Katzen fühlen sich großartig!,{Catname} giace in cima all'altare dopo il sacrificio. L'altare è compiaciuto.Gli altri gatti però si sentono alla grande!,{Catname} jaz sobre o altar após seu sacrifício. O altar foi agraciado.Os gatos restantes estão se sentindo ótimos!,{Catname}が​祭壇の​上で​犠牲に​なったにゃ。​祭壇は​満足しているにゃ。​残りの​猫たちは​最高の​気分にゃ![b][/b]
QEVENT_MEATALTAR_REW3B_M,,,,,,,,
QEVENT_MEATALTAR_REW3B_F,,,,,,,,
QEVENT_MEATALTAR_REW3B_N,,,,,,,,{Catname}が​祭壇の​上で​犠牲に​なったにゃ。​祭壇は​満足しているにゃ。​残りの​猫たちは​最高の​気分にゃ![b][/b]
,,,,,,,,
CUTSCENE_OBELISK1_CORE_POPUP,"One obelisk is raised, but the one on the moon remains buried.",,"Se eleva un obelisco, pero el que está en la luna permanece enterrado.","Un obélisque est érigé, mais celui sur la lune reste enterré.","Ein Obelisk wurde errichtet, doch sein Gegenstück auf dem Mond bleibt vergraben.","Un obelisco si innalza, ma quello sulla luna rimane sepolto.","Um obelisco é erguido, mas o da Lua permanece enterrado.",1つの​オベリスクが​起動したにゃ。​でも​月の​オベリスクは​まだ​埋まったままにゃ。[b][/b]
CUTSCENE_OBELISK1_MOON_POPUP,"One obelisk is raised, but the one in the core remains buried.",,"Se eleva un obelisco, pero el que está en el núcleo permanece enterrado.","Un obélisque est érigé, mais celui dans le noyau reste enterré.","Ein Obelisk wurde errichtet, doch sein Gegenstück im Kern bleibt vergraben.","Un obelisco si innalza, ma quello nel nucleo rimane sepolto.","Um obelisco é erguido, mas o do Núcleo permanece enterrado.",1つの​オベリスクが​起動したにゃ。​でも​地核の​オベリスクは​まだ​埋まったままにゃ。[b][/b]
CUTSCENE_OBELISK2_POPUP,"Both obelisks have connected, but still await activation.",,"Ambos obeliscos se han conectado, pero aún hay que activarlos.","Les deux obélisques sont connectés, mais attendent encore d'être activés.",Die Obelisken wurden verbunden. Sie warten auf ihre Aktivierung.,"Entrambi gli obelischi sono collegati, ma attendono ancora di essere attivati.","Os obeliscos estão conectados, porém ainda aguardam sua ativação.",2つの​オベリスクが​繋がったにゃ。​でも​まだ​起動を​待っているにゃ。[b][/b]
,,,,,,,,
NPCOFFICE_NAME_BEANIES,Dr. Beanies's Lab,,Laboratorio del Dr. Beanies,Labo du Dr Beanies,Dr. Beanies Labor,Laboratorio del Dottor Beanies,Laboratório do Dr. Beanies,ドクター・ビーニーズの​研究室
NPCOFFICE_NAME_BUTCH,Butch's Hideout,,Guarida de Butch,Planque de Butch,Unterschlupf von Butch,Nascondiglio di Butch,Esconderijo de Butch,ブッチの​隠れ家
NPCOFFICE_NAME_TINK,Tink's Trailer,,Caravana de Tink,Caravane de Tink,Tinks Wohnwagen,Roulotte di Tink,Trailer de Tink,ティンクの​トレーラー
NPCOFFICE_NAME_FRANK,Frank's Sewer,,Alcantarilla de Frank,Égouts de Frank,Franks Kanalisation,Fogna di Frank,Esgoto de Frank,フランクの​下水道
NPCOFFICE_NAME_JACK,Jack's Shack,,Chabola de Jack,Taudis de Jack,Jacks Hütte,Baracca di Jack,Cabana de Jack,ジャックの​小屋
NPCOFFICE_NAME_TRACY,P Mart,,MercaMascota,Patoune Market,P-Markt,P Mart,P Mart,Pマート
NPCOFFICE_NAME_ORGANGRINDER,{organname}'s Box,,Caja de {organname},Boîte ({organname}),Box von {organname},Scatola di {organname},Caixa de {organname},{organname}の​箱
NPCOFFICE_NAME_STEVEN,The Box,,La Caja,La Boîte,Die Box,La Scatola,A Caixa,その​箱
,,,,,,,,
NPCMAP_NAME_HOME,Home,,Casa,Maison,Haus,Casa,Casa,ホーム
NPCMAP_NAME_TRASH,Trash,,Basura,Poubelle,Müll,Spazzatura,Lixo,ゴミ
NPC_NAME_BEANIES,Dr. Beanies,,Dr. Beanies,Dr Beanies,Dr. Beanies,Dr. Beanies,Dr. Beanies,ドクター・ビーニーズ
NPC_NAME_BUTCH,Butch,,Butch,Butch,Butch,Butch,Butch,ブッチ
NPC_NAME_TINK,Tink,,Tink,Tink,Tink,Tink,Tink,ティンク
NPC_NAME_FRANK,Frank,,Frank,Franck,Frank,Frank,Frank,フランク
NPC_NAME_JACK,Baby Jack,,Bebé Jack,Bébé Jack,Baby Jack,Baby Jack,Bebê Jack,ベビー・ジャック
NPC_NAME_TRACY,Tracy,,Tracy,Tracy,Tracy,Tracy,Tracy,トレイシー
NPC_NAME_ORGANGRINDER,{organname},,{organname},{organname},{organname},{organname},{organname},{organname}
NPC_NAME_STEVEN,Steven,,Steven,Steven,Steven,Steven,Steven,スティーブン
,,,,,,,,
NPC_MORETIPS_BUTTON,Another Tip!,,¡Otro consejo!,Une autre astuce&nbsp;!,Noch ein Tipp!,Un altro consiglio!,Outra dica!,もう​1つの​ヒントにゃ!
,,,,,,,,
KEYWORD_TRAMPLE_NAME,Trample,,Pisotón,Piétinement,Trampel,Calpestamento,Atropelamento,踏みつけ
KEYWORD_TRAMPLE_DESC_STACKLESS,"You can move through other units, damaging and displacing them.",,Se puede mover sobre otras unidades; les inflige daño y las desplaza.,"Vous pouvez traverser les autres unités, en leur infligeant des dégâts et en les repoussant.",Du kannst dich durch andere Einheiten bewegen. Dabei stößt du sie zur Seite und fügst ihnen Schaden zu.,"Puoi muoverti attraverso le altre unità, infliggendo danno e spostandole.","Você pode se mover através de unidades, deslocando-as e causando dano.",他の​ユニットを​通り抜けて​移動でき、​ダメージを​与えて​押しのける。[b][/b]
,,,,,,,,
COMBAT_POPUP_QUESTFAILED,Quest Failed!,,¡Fracaso en la misión!,Échec de la quête&nbsp;!,Quest fehlgeschlagen!,Missione fallita!,A missão falhou!,クエスト失敗にゃ!
,,,,,,,,
CREDITS_THANKSFORPLAYING,thanks for playingMEWGENICS!,"(in the credits roll: ed's handwriting font uses smallcaps for lowercase, so all-lowercase lines are correct)",¡Gracias por jugar aMEWGENICS!,Merci d'avoir joué àMEWGENICS&nbsp;!,"vielen dank, dass du MEWGENICSgespielt hast!",Grazie per aver giocato aMEWGENICS!,obrigado por jogarMEWGENICS!,プレイしてくれて​ありがとにゃ
CREDITS_AGAMEBY,a game by,the credits roll is a big animation with a lot of separate text boxes in it. boxes with only names are not included in this sheet,Un juego de,Un jeu de,ein spiel von,un gioco di,um jogo por,ゲーム制作
CREDITS_EDLINE,art + design,,Arte y diseño,Art et conception,kunst + design,grafica + design,arte + design,アート + デザイン
CREDITS_TYLERLINE,programming + design,,Programación y diseño,Programmation et conception,programmierung + design,programmazione + design,programação + design,プログラミング + デザイン
CREDITS_RIDCULONLINE,Featuring Music by...RIDICULON!,,¡Con música deRIDICULON!,Avec la musique de...RIDICULON&nbsp;!,Mit Musik von&nbsp;…RIDICULON!,Con musiche di...RIDICULON!,Apresentando a música de...RIDICULON!,音楽担当...RIDICULON!
CREDITS_JOEYLINE,Sound Effects by,,Efectos de sonido de,Effets sonores,Soundeffekte von,Effetti sonori di,Efeitos sonoros por,サウンドエフェクト
CREDITS_EDITING,Editing by,,Edición de,Édition,Editing von,Editing di,Edição por,編集
CREDITS_AND,and,,y,et,und,e,e,および
CREDITS_ANIMATIONLINEA,animation by,,Animación de,Animation,animationen von,animazioni di,animação por,アニメーション
CREDITS_ANIMATIONLINEB,additional animation by,,Animación adicional de,Animation supplémentaire,weitere animationen von,animazioni aggiuntive di,animação adicional por,追加アニメーション
CREDITS_ADDITIONALANIMATIONS,Kaylan Peattie and Tina Tomar,"(this is here because theres an ""and"" in the middle of the line)",Kaylan Peattie y Tina Tomar,Kaylan Peattie et Tina Tomar,Kaylan Peattie und Tina Tomar,Kaylan Peattie e Tina Tomar,Kaylan Peattie e Tina Tomar,Kaylan Peattieと​Tina Tomar[b][/b]
CREDITS_ARTA,art by,,Arte de,Art,kunst von,grafica di,arte por,アート
CREDITS_ARTB,additional art by,,Arte adicional de,Art supplémentaire,weitere kunst von,grafica aggiuntiva di,arte adicional por,追加アート
CREDITS_PROGRAMMINGB,additional programming by,,Programación adicional de,Programmation supplémentaire,weitere programmierung von,programmazione aggiuntiva di,programação adicional por,追加プログラミング
CREDITS_CHARACTERSHEADER,Also Featuring...,,Y con...,Mais aussi...,Featuring&nbsp;…,Con la partecipazione di...,Com a participação de...,出演...
CREDITS_CHARACTER_BEANIES,Dr. Thomas A. Beanies,,Dr. Thomas A. Beanies,Dr Thomas A. Beanies,Dr. Thomas A. Beanies,Dottor Thomas A. Beanies,Dr. Thomas A. Beanies,ドクター・トーマス・A・ビーニーズ
CREDITS_CHARACTER_STACY,Stacy #{stacy_number},,Stacy {stacy_number},Stacy #{stacy_number},Stacy #{stacy_number},Stacy #{stacy_number},Stacy #{stacy_number},ステイシー#{stacy_number}
CREDITS_CHARACTER_BUTCH,Butch,,Butch,Butch,Butch,Butch,Butch,ブッチ
CREDITS_CHARACTER_TINK,Ferguson Rodney Tinkles,,Ferguson Rodney Tinkles,Ferguson Rodney Tinkles,Ferguson Rodney Tinkles,Ferguson Rodney Tinkles,Ferguson Rodney Tinkles,ファーガソン・ロドニー・ティンクルズ
CREDITS_CHARACTER_FRANK,Frank,,Frank,Franck,Frank,Frank,Frank,フランク
CREDITS_CHARACTER_BABYJACK,Jackie Dustin Nickel,,Jackie Dustin Nickel,Jackie Dustin Nickel,Jackie Dustin Nickel,Jackie Dustin Nickel,Jackie Dustin Nickel,ジャッキー・ダスティン・ニッケル
CREDITS_CHARACTER_TRACY,Tracy Newkirk,,Tracy Newkirk,Tracy Newkirk,Tracy Newkirk,Tracy Newkirk,Tracy Newkirk,トレイシー・ニューカーク
CREDITS_CHARACTER_ORGANGRINDER,{organname},,{organname},{organname},{organname},{organname},{organname},{organname}
CREDITS_CHARACTER_STEVEN,Steven,,Steven,Steven,Steven,Steven,Steven,スティーブン
CREDITS_CHARACTER_HEADERB,And Featuring...,,Y con...,Ainsi que...,Und&nbsp;…,E con...,E também...,そして​出演...
CREDITS_CHARACTER_PLAYERCHARACTER,You asMagdalene O. Moriah,,"Tú, comoMagdalene O. Moriah","Vous-même, dans le rôle deMagdalene O. Moriah",Du alsMagdalene O. Moriah,"Te, nel ruolo diMagdalene O. Moriah","Você, comoMagdalene O. Moriah",あに​ゃたが​演じる​マグダレン・O・モリア[b][/b]
CREDITS_MEOWS,featuring meows from,,Con maullidos de,Miaulements de,mit katzenstimmen von,con miagolii di,com miados de,に​ゃん​鳴き提供
CREDITS_TESTERS,testers,,Testers,Testeurs,tester,tester,testes,テスター
CREDITS_MUSICGUESTS,special musical guests,,Invitados musicales especiales,Invités musicaux,special guests (musik),ospiti musicali speciali,convidados musicais especiais,スペシャル音楽ゲスト
CREDITS_LOCALIZATION,Localization by Warlocs,,Localización de Warlocs,Localisation par Warlocs,Lokalisierung von den Warlocs,Localizzazione a cura di Warlocs,Localização por Warlocs,ローカライゼーション: Warlocs
CREDITS_LOCALIZATION_GERMAN,Deutsch:Simon Dehne,doing loc credits like this cause this is the easiest way to get special characters into the credits roll. dont add extra lines without telling us so we can resize the text boxes in the credits roll art,Deutsch:Simon Dehne,Allemand&nbsp;:Simon Dehne,Deutsch:Simon Dehne,Deutsch:Simon Dehne,Alemão:Simon Dehne,Deutsch:Simon Dehne
CREDITS_LOCALIZATION_FRENCH,Français:Kevin MalchereAlexis BarrosoCecile GindratElina Macon,,Français:Kévin MalchèreAlexis BarrosoCécile GindratElina Mâcon,Français&nbsp;:Kévin MalchèreAlexis BarrosoCécile GindratElina Mâcon,Français:Kévin MalchèreAlexis BarrosoCécile GindratElina Mâcon,Français:Kévin MalchèreAlexis BarrosoCécile GindratElina Mâcon,Francês:Kévin MalchèreAlexis BarrosoCécile GindratElina Mâcon,Français:Kevin MalchereAlexis BarrosoCecile GindratElina Macon
CREDITS_LOCALIZATION_ITALIAN,Italiano:Carlo De RensisJuny GentileStefano RossittoCristiano Caliendo,,Italiano:Carlo De RensisJuny GentileStefano RossittoCristiano Caliendo,Italien&nbsp;:Carlo De RensisJuny GentileStefano RossittoCristiano Caliendo,Italiano:Carlo De RensisJuny GentileStefano RossittoCristiano Caliendo,Italiano:Carlo De RensisJuny GentileStefano RossittoCristiano Caliendo,Italiano:Carlo De RensisJuny GentileStefano RossittoCristiano Caliendo,Italiano:Carlo De RensisJuny Gentile
CREDITS_LOCALIZATION_SPANISH,Español:Xavi Vernet DiazSebastian Sorroche Jurado Ana Avalos Reyes,,Español:Xavi Vernet DíazSebastián Sorroche Jurado Ana Ávalos Reyes,Espagnol&nbsp;:Xavier Vernet DíazSebastián Sorroche JuradoAna Ávalos Reyes,Español:Xavi Vernet DíazSebastián Sorroche Jurado Ana Ávalos Reyes,Español:Xavi Vernet DíazSebastián Sorroche Jurado Ana Ávalos Reyes,Espanhol:Xavi Vernet DíazSebastián Sorroche Jurado Ana Ávalos Reyes,Español:Xavi Vernet DiazSebastian Sorroche JuradoAna Avalos Reyes
CREDITS_LOCALIZATION_BRPORTUGESE,Português (Brasil):Romulo Wehling,,Português (Brasil):Rômulo Wehling,Portugais du Brésil&nbsp;:Romulo Wehling,Português (Brasil):Rômulo Wehling,Português (Brasil):Rômulo Wehling,Português (Brasil):Rômulo Wehling,Português (Brasil):Romulo Wehling
CREDITS_LOCALIZATION_MARKETING,Marketing Support by Guillotine,,Ayuda de marketing de Guillotine,Support commercial par Guillotine,Marketing Support von Guillotine,Supporto marketing di Guillotine,Suporte de marketing por Guillotine,マーケティングサポート: Guillotine
CREDITS_TOOLSA,level editor made by - joshua robertson,,Editor de niveles de joshua robertson,Éditeur de niveaux créé par Joshua Robertson,level editor programmiert von – joshua robertson,editor dei livelli realizzato da - joshua robertson,editor de níveis criado por - joshua robertson,レベルエディター制作 - joshua robertson
CREDITS_TOOLSB,additional tools made by,,Herramientas adicionales de,Outils supplémentaires,zusätzliche tools von,strumenti aggiuntivi realizzati da,ferramentas adicionais criadas por,追加ツール制作
CREDITS_TECH,Open Source Code Used,,Con código abierto,Code libre utilisé,Verwendung von Open Source Code,codice open source utilizzato,Códigos open source utilizados,使用した​オープンソースコード
CREDITS_THANKS,special thanks,,Agradecimientos especiales,Remerciements,special thanks,ringraziamenti speciali,agradecimentos especiais,スペシャルサンクス
CREDITS_END,THANKSFOR PLAYING!,,¡GRACIASPOR JUGAR!,MERCID'AVOIR JOUÉ&nbsp;!,DANKEFÜRS SPIELEN!,GRAZIEPER AVER GIOCATO!,OBRIGADOPOR JOGAR!,ありがとにゃまた​遊んでにゃ!
,,,,,,,,
SEASON_NAME_SPRING,Spring,,Primavera,Printemps,Frühling,Primavera,Primavera,春
SEASON_NAME_SUMMER,Summer,,Verano,Été,Sommer,Estate,Verão,夏
SEASON_NAME_FALL,Fall,,Otoño,Automne,Herbst,Autunno,Outono,秋
SEASON_NAME_WINTER,Winter,,Invierno,Hiver,Winter,Inverno,Inverno,冬

